CO-BRANCH;OFFICE;PRODUCT;GROUP;Des-25;Jan-26;Feb-26;Mar-26;Apr-26;Mei-26;Jun-26;Jul-26;Agu-26
211 - MEDAN BALAIKOTA;211 - MEDAN BALAIKOTA;Teller;Reguler;26;35;13;16;17;25;48;38;18
211 - MEDAN BALAIKOTA;211 - MEDAN BALAIKOTA;Mobile Banking;Reguler;27;6;10;20;18;22;24;42;17
211 - MEDAN BALAIKOTA;211 - MEDAN BALAIKOTA;Khusus;Khusus;15;20;22;2;9;4;17;22;2
211 - MEDAN BALAIKOTA;215 - KCP SUKARAMAI;Teller;Reguler;5;4;3;9;3;2;14;4;1
211 - MEDAN BALAIKOTA;215 - KCP SUKARAMAI;Mobile Banking;Reguler;1;0;1;0;0;0;0;0;1
211 - MEDAN BALAIKOTA;215 - KCP SUKARAMAI;Khusus;Khusus;0;0;0;0;0;0;0;0;0
211 - MEDAN BALAIKOTA;230 - KCP SERDANG;Teller;Reguler;4;4;4;1;3;6;10;10;1
211 - MEDAN BALAIKOTA;230 - KCP SERDANG;Mobile Banking;Reguler;1;0;1;0;0;1;4;1;2
211 - MEDAN BALAIKOTA;230 - KCP SERDANG;Khusus;Khusus;0;0;0;0;0;0;1;0;0
211 - MEDAN BALAIKOTA;231 - PADANGSIDIMPUAN;Teller;Reguler;27;11;2;9;14;9;6;28;1
211 - MEDAN BALAIKOTA;231 - PADANGSIDIMPUAN;Mobile Banking;Reguler;12;7;4;15;12;7;14;14;7
211 - MEDAN BALAIKOTA;231 - PADANGSIDIMPUAN;Khusus;Khusus;0;1;0;0;0;0;0;0;0
211 - MEDAN BALAIKOTA;233 - KCP PANYABUNGAN;Teller;Reguler;4;15;2;2;4;3;17;6;4
211 - MEDAN BALAIKOTA;233 - KCP PANYABUNGAN;Mobile Banking;Reguler;21;29;15;15;26;22;25;30;7
211 - MEDAN BALAIKOTA;233 - KCP PANYABUNGAN;Khusus;Khusus;0;0;0;0;0;0;0;0;0
221 - PEKANBARU;221 - PEKANBARU;Teller;Reguler;19;33;10;0;2;20;16;11;3
221 - PEKANBARU;221 - PEKANBARU;Mobile Banking;Reguler;14;4;2;2;4;13;2;0;3
221 - PEKANBARU;221 - PEKANBARU;Khusus;Khusus;26;21;26;10;16;29;42;16;0
221 - PEKANBARU;227 - KCP KAMPAR;Teller;Reguler;17;14;7;2;9;19;7;20;2
221 - PEKANBARU;227 - KCP KAMPAR;Mobile Banking;Reguler;31;19;8;9;21;30;35;21;26
221 - PEKANBARU;227 - KCP KAMPAR;Khusus;Khusus;4;4;1;0;2;0;10;0;0
221 - PEKANBARU;411 - BATAM;Teller;Reguler;17;0;2;1;7;9;10;0;1
221 - PEKANBARU;411 - BATAM;Mobile Banking;Reguler;2;0;4;3;3;0;4;2;1
221 - PEKANBARU;411 - BATAM;Khusus;Khusus;12;13;1;18;5;8;13;16;2
221 - PEKANBARU;451 - TANJUNG PINANG;Teller;Reguler;7;2;2;7;0;2;2;0;0
221 - PEKANBARU;451 - TANJUNG PINANG;Mobile Banking;Reguler;5;3;4;2;2;1;11;1;3
221 - PEKANBARU;451 - TANJUNG PINANG;Khusus;Khusus;0;0;0;4;1;2;7;2;0
241 - BANDA ACEH;241 - BANDA ACEH;Teller;Reguler;54;49;32;11;26;32;55;38;26
241 - BANDA ACEH;241 - BANDA ACEH;Mobile Banking;Reguler;0;1;0;1;0;1;2;2;0
241 - BANDA ACEH;241 - BANDA ACEH;Khusus;Khusus;0;0;0;0;0;0;0;0;2
241 - BANDA ACEH;261 - LANGSA;Teller;Reguler;5;9;5;12;32;38;71;49;12
241 - BANDA ACEH;261 - LANGSA;Mobile Banking;Reguler;1;8;3;7;3;4;11;7;7
241 - BANDA ACEH;261 - LANGSA;Khusus;Khusus;0;0;0;0;0;0;0;0;0
241 - BANDA ACEH;262 - KCP LHOKSEUMAWE;Teller;Reguler;20;25;14;16;23;38;22;29;21
241 - BANDA ACEH;262 - KCP LHOKSEUMAWE;Mobile Banking;Reguler;0;0;0;0;0;0;0;0;0
241 - BANDA ACEH;262 - KCP LHOKSEUMAWE;Khusus;Khusus;0;0;0;0;0;1;0;0;0
351 - LAMPUNG;351 - LAMPUNG;Teller;Reguler;40;19;18;8;11;33;25;47;11
351 - LAMPUNG;351 - LAMPUNG;Mobile Banking;Reguler;59;34;24;18;25;22;49;42;18
351 - LAMPUNG;351 - LAMPUNG;Khusus;Khusus;7;2;6;2;3;3;3;1;0
351 - LAMPUNG;352 - KCP BANDAR JAYA;Teller;Reguler;94;76;71;18;57;100;120;123;33
351 - LAMPUNG;352 - KCP BANDAR JAYA;Mobile Banking;Reguler;0;0;1;0;0;0;0;0;0
351 - LAMPUNG;352 - KCP BANDAR JAYA;Khusus;Khusus;6;0;6;0;0;1;0;0;1
351 - LAMPUNG;353 - KCP METRO LAMPUNG;Teller;Reguler;46;35;26;16;56;53;76;66;43
351 - LAMPUNG;353 - KCP METRO LAMPUNG;Mobile Banking;Reguler;23;20;9;8;24;14;53;17;10
351 - LAMPUNG;353 - KCP METRO LAMPUNG;Khusus;Khusus;0;2;0;0;7;2;0;1;0
351 - LAMPUNG;355 - KCP ZA PAGAR ALAM LAMPUNG;Teller;Reguler;4;4;4;8;8;12;8;24;9
351 - LAMPUNG;355 - KCP ZA PAGAR ALAM LAMPUNG;Mobile Banking;Reguler;0;5;0;2;1;0;6;5;0
351 - LAMPUNG;355 - KCP ZA PAGAR ALAM LAMPUNG;Khusus;Khusus;1;0;0;2;0;0;0;0;0
351 - LAMPUNG;356 - KCP KOTABUMI LAMPUNG;Teller;Reguler;38;22;14;13;35;57;74;80;36
351 - LAMPUNG;356 - KCP KOTABUMI LAMPUNG;Mobile Banking;Reguler;10;8;9;6;14;19;6;27;10
351 - LAMPUNG;356 - KCP KOTABUMI LAMPUNG;Khusus;Khusus;0;2;0;0;2;0;4;4;2
361 - PALEMBANG;361 - PALEMBANG;Teller;Reguler;9;10;5;1;10;7;15;12;7
361 - PALEMBANG;361 - PALEMBANG;Mobile Banking;Reguler;5;7;1;4;4;5;6;8;0
361 - PALEMBANG;361 - PALEMBANG;Khusus;Khusus;37;11;20;3;6;29;15;27;20
361 - PALEMBANG;366 - KCP PLAJU;Teller;Reguler;33;12;10;5;11;51;31;32;6
361 - PALEMBANG;366 - KCP PLAJU;Mobile Banking;Reguler;0;0;0;0;0;0;0;0;0
361 - PALEMBANG;366 - KCP PLAJU;Khusus;Khusus;15;8;2;0;2;11;4;2;0
361 - PALEMBANG;398 - KCP BATURAJA;Teller;Reguler;125;46;10;1;5;15;14;47;19
361 - PALEMBANG;398 - KCP BATURAJA;Mobile Banking;Reguler;0;0;0;0;0;0;0;0;0
361 - PALEMBANG;398 - KCP BATURAJA;Khusus;Khusus;2;6;1;0;2;1;2;5;3
361 - PALEMBANG;401 - KCP ENIM;Teller;Reguler;29;17;14;4;3;17;2;6;7
361 - PALEMBANG;401 - KCP ENIM;Mobile Banking;Reguler;0;0;0;1;4;1;7;0;0
361 - PALEMBANG;401 - KCP ENIM;Khusus;Khusus;0;0;0;0;0;0;0;0;0
371 - PANGKAL PINANG;371 - PANGKAL PINANG;Teller;Reguler;28;16;4;8;13;28;22;21;9
371 - PANGKAL PINANG;371 - PANGKAL PINANG;Mobile Banking;Reguler;8;5;3;2;3;6;10;7;3
371 - PANGKAL PINANG;371 - PANGKAL PINANG;Khusus;Khusus;2;0;0;0;0;0;0;1;0
371 - PANGKAL PINANG;372 - KCP TANJUNG PANDAN;Teller;Reguler;11;2;8;1;2;6;12;5;2
371 - PANGKAL PINANG;372 - KCP TANJUNG PANDAN;Mobile Banking;Reguler;0;0;0;0;0;0;32;10;1
371 - PANGKAL PINANG;372 - KCP TANJUNG PANDAN;Khusus;Khusus;0;0;0;0;0;0;0;2;0
371 - PANGKAL PINANG;373 - KCP SUNGAILIAT;Teller;Reguler;8;17;4;4;4;5;10;11;2
371 - PANGKAL PINANG;373 - KCP SUNGAILIAT;Mobile Banking;Reguler;18;19;8;3;6;24;29;28;20
371 - PANGKAL PINANG;373 - KCP SUNGAILIAT;Khusus;Khusus;0;0;0;0;0;0;0;0;0
371 - PANGKAL PINANG;495 - KCP KOBA;Teller;Reguler;4;2;5;1;4;0;5;8;2
371 - PANGKAL PINANG;495 - KCP KOBA;Mobile Banking;Reguler;19;8;10;7;28;30;39;20;11
371 - PANGKAL PINANG;495 - KCP KOBA;Khusus;Khusus;0;0;0;0;0;0;0;0;0
421 - PADANG;421 - PADANG;Teller;Reguler;5;5;3;7;0;1;3;8;0
421 - PADANG;421 - PADANG;Mobile Banking;Reguler;5;3;6;8;7;3;10;7;3
421 - PADANG;421 - PADANG;Khusus;Khusus;20;22;42;13;32;52;19;49;12
421 - PADANG;422 - KCP BUKITTINGGI;Teller;Reguler;7;3;0;5;7;8;4;4;2
421 - PADANG;422 - KCP BUKITTINGGI;Mobile Banking;Reguler;0;0;0;0;0;0;1;0;0
421 - PADANG;422 - KCP BUKITTINGGI;Khusus;Khusus;0;0;0;0;0;0;0;0;0
421 - PADANG;423 - KCP PAYAKUMBUH;Teller;Reguler;7;1;11;4;3;4;8;11;3
421 - PADANG;423 - KCP PAYAKUMBUH;Mobile Banking;Reguler;0;0;0;0;0;0;0;0;0
421 - PADANG;423 - KCP PAYAKUMBUH;Khusus;Khusus;0;0;0;0;0;0;0;0;0
421 - PADANG;424 - KCP SOLOK;Teller;Reguler;3;6;5;1;5;1;1;0;0
421 - PADANG;424 - KCP SOLOK;Mobile Banking;Reguler;5;3;3;0;5;6;5;9;1
421 - PADANG;424 - KCP SOLOK;Khusus;Khusus;0;0;0;0;0;0;0;0;0
431 - BENGKULU;431 - BENGKULU;Teller;Reguler;37;33;42;30;36;31;73;30;8
431 - BENGKULU;431 - BENGKULU;Mobile Banking;Reguler;0;0;0;0;1;0;10;37;22
431 - BENGKULU;431 - BENGKULU;Khusus;Khusus;0;4;0;0;0;0;1;5;0
431 - BENGKULU;432 - KCP CURUP;Teller;Reguler;37;35;33;11;17;31;38;53;25
431 - BENGKULU;432 - KCP CURUP;Mobile Banking;Reguler;0;1;0;0;0;1;0;1;0
431 - BENGKULU;432 - KCP CURUP;Khusus;Khusus;0;0;0;0;0;0;0;0;0
431 - BENGKULU;441 - JAMBI;Teller;Reguler;5;10;8;8;13;10;14;20;5
431 - BENGKULU;441 - JAMBI;Mobile Banking;Reguler;0;0;0;1;0;0;0;0;0
431 - BENGKULU;441 - JAMBI;Khusus;Khusus;0;24;10;3;4;5;12;9;18
431 - BENGKULU;442 - KCP MUARA BUNGO;Teller;Reguler;23;3;7;4;8;13;18;18;10
431 - BENGKULU;442 - KCP MUARA BUNGO;Mobile Banking;Reguler;20;19;8;7;22;19;16;27;5
431 - BENGKULU;442 - KCP MUARA BUNGO;Khusus;Khusus;0;0;0;0;0;0;0;0;0
431 - BENGKULU;473 - KCP MANNA BENGKULU;Teller;Reguler;15;7;6;9;15;10;17;4;4
431 - BENGKULU;473 - KCP MANNA BENGKULU;Mobile Banking;Reguler;0;0;0;0;0;0;0;0;0
431 - BENGKULU;473 - KCP MANNA BENGKULU;Khusus;Khusus;0;0;0;0;0;0;0;0;0
431 - BENGKULU;474 - KCP ARGA MAKMUR;Teller;Reguler;40;26;15;15;16;6;26;29;6
431 - BENGKULU;474 - KCP ARGA MAKMUR;Mobile Banking;Reguler;0;0;0;0;0;0;0;0;0
431 - BENGKULU;474 - KCP ARGA MAKMUR;Khusus;Khusus;0;0;0;0;0;0;0;0;0
482 - MEDAN BARU;214 - KCP BINJAI;Teller;Reguler;9;15;4;6;8;16;10;10;1
482 - MEDAN BARU;214 - KCP BINJAI;Mobile Banking;Reguler;0;0;0;0;0;0;0;0;0
482 - MEDAN BARU;214 - KCP BINJAI;Khusus;Khusus;0;0;2;0;0;0;0;0;0
482 - MEDAN BARU;251 - PEMATANG SIANTAR;Teller;Reguler;1;2;1;0;0;1;4;0;0
482 - MEDAN BARU;251 - PEMATANG SIANTAR;Mobile Banking;Reguler;4;1;0;5;1;3;3;0;2
482 - MEDAN BARU;251 - PEMATANG SIANTAR;Khusus;Khusus;0;0;0;0;0;0;0;0;0
482 - MEDAN BARU;252 - KCP KISARAN;Teller;Reguler;15;9;4;4;13;5;22;6;8
482 - MEDAN BARU;252 - KCP KISARAN;Mobile Banking;Reguler;0;0;0;0;0;1;0;1;0
482 - MEDAN BARU;252 - KCP KISARAN;Khusus;Khusus;4;0;5;1;0;32;43;33;6
482 - MEDAN BARU;467 - KCP STABAT;Teller;Reguler;15;10;9;8;21;16;13;9;8
482 - MEDAN BARU;467 - KCP STABAT;Mobile Banking;Reguler;1;0;0;1;0;0;0;0;0
482 - MEDAN BARU;467 - KCP STABAT;Khusus;Khusus;0;0;0;0;0;2;0;0;0
482 - MEDAN BARU;482 - MEDAN BARU;Teller;Reguler;18;10;9;20;17;17;16;7;5
482 - MEDAN BARU;482 - MEDAN BARU;Mobile Banking;Reguler;0;0;0;0;0;0;0;0;0
482 - MEDAN BARU;482 - MEDAN BARU;Khusus;Khusus;2;5;8;0;3;3;2;4;6
