Co-Branch;Branch;Product_Name;Group;Jan-25;Feb-25;Mar-25;Apr-25;Mei-25;Jun-25;Jul-25;Agu-25;Sep-25;Okt-25;Nov-25;Des-25;Jan-26;Feb-26;Mar-26;Apr-26;Mei-26;Jun-26;Jul-26;Agu-26
211 - MEDAN BALAIKOTA;211 - MEDAN BALAIKOTA;ASHA;REFERRAL;0;0;;;;48000000;24000000;;16.000.000;135.000.000;;16.000.000;;16.000.000;16.000.000;30.000.000;16.000.000;20.000.000;16000000;20000000
211 - MEDAN BALAIKOTA;211 - MEDAN BALAIKOTA;ASHAR;REFERRAL;0;0;;;;;;;;;;;67.608.000;102638600;;;;;;
211 - MEDAN BALAIKOTA;211 - MEDAN BALAIKOTA;Hijrah Cendekia;DISTRIBUSI;0;0;;;;;;;;0;;;;;;;3600000;;;
211 - MEDAN BALAIKOTA;211 - MEDAN BALAIKOTA;SAHAJA;DISTRIBUSI;0;0;;;;;;;;12.000.000;12.000.000;37.500.000;;;;;;;12000000;
211 - MEDAN BALAIKOTA;215 - KCP SUKARAMAI;ASHA;REFERRAL;0;0;;;;24000000;;;;;;;;;16000000;;;;12000000;
211 - MEDAN BALAIKOTA;215 - KCP SUKARAMAI;Hijrah Cendekia;DISTRIBUSI;0;0;3600000;;;;;;;;;;;;;;;;;
211 - MEDAN BALAIKOTA;215 - KCP SUKARAMAI;SAHAJA;DISTRIBUSI;0;0;;;;;;;;;15000000;60000000;;;;;;;;
211 - MEDAN BALAIKOTA;215 - KCP SUKARAMAI;SHIFA;REFERRAL;0;0;;;;;;;;;;;;;;3513120;;;;
211 - MEDAN BALAIKOTA;230 - KCP SERDANG;ASHA;REFERRAL;0;0;;;;20000000;;;16000000;;;36000000;;;;;;;16000000;
211 - MEDAN BALAIKOTA;230 - KCP SERDANG;SAHAJA;DISTRIBUSI;0;0;;;;;;;;7500000;30000000;45900000;;;;;;;;
211 - MEDAN BALAIKOTA;231 - PADANGSIDIMPUAN;ASHA;REFERRAL;0;0;;;;;15000000;;;;;;;;;;;;;16000000
211 - MEDAN BALAIKOTA;231 - PADANGSIDIMPUAN;SAHAJA;DISTRIBUSI;0;0;;;;;;;7500000;7500000;636000000;792000000;;;;7500000;;;;30000000
211 - MEDAN BALAIKOTA;233 - KCP PANYABUNGAN;ASHA;REFERRAL;0;0;;;;;;;;;80000000;20000000;;;;;;;20000000;
211 - MEDAN BALAIKOTA;233 - KCP PANYABUNGAN;SAHAJA;DISTRIBUSI;0;0;;;;;;;6750000;;168000000;66000000;;;;;;;;
211 - MEDAN BALAIKOTA;233 - KCP PANYABUNGAN;SHIFA;REFERRAL;0;0;;;;;;;;;;;;;;;;;1478000;
221 - PEKANBARU;221 - PEKANBARU;ASHA;REFERRAL;0;0;;;;;25000000;;;;;;;;;;;;;
221 - PEKANBARU;221 - PEKANBARU;SAHAJA;DISTRIBUSI;0;0;;;;;;;;7.500.000;7500000;172680000;;;;;;;7500000;
221 - PEKANBARU;227 - KCP KAMPAR;ASHA;REFERRAL;0;0;;;;;;;;16000000;;;;;;;;16000000;16000000;
221 - PEKANBARU;227 - KCP KAMPAR;SAHAJA;DISTRIBUSI;0;0;;;;;;;7500000;;15000000;7500000;;;;;;;;
221 - PEKANBARU;411 - BATAM;ASHAR;REFERRAL;0;0;;;;;;;;;;;53763200;;;;;;;
221 - PEKANBARU;411 - BATAM;Hijrah Cendekia;DISTRIBUSI;0;0;;;;;;3600000;50.000.000;;;;;;;;;;;
221 - PEKANBARU;411 - BATAM;SAHAJA;DISTRIBUSI;0;0;;;;;;;7500000;7500000;25500000;66780000;;;;;;12000000;12000000;
221 - PEKANBARU;451 - TANJUNG PINANG;Hijrah Cendekia;DISTRIBUSI;0;0;4000000;;;;;;;;;;;;;;;;;
221 - PEKANBARU;451 - TANJUNG PINANG;SAHAJA;DISTRIBUSI;0;0;;;;;;;;;35400000;57.000.000;;;;;;;;
241 - BANDA ACEH;241 - BANDA ACEH;Hijrah Cendekia;DISTRIBUSI;0;0;4800000;;;;6000000;;;;;;;;0;;;3600000;;
241 - BANDA ACEH;241 - BANDA ACEH;SAHAJA;DISTRIBUSI;0;0;;;;;;;;;30000000;240000000;;;7500000;;;;15000000;
241 - BANDA ACEH;261 - LANGSA;ASHA;REFERRAL;0;0;12000000;28000000;36000000;12000000;76000000;38000000;66000000;32000000;16000000;32000000;16000000;32000000;20000000;32000000;32000000;48000000;16000000;16000000
241 - BANDA ACEH;261 - LANGSA;SAHAJA;DISTRIBUSI;0;0;;;;;;;;;;;;;6000000;;;;;
241 - BANDA ACEH;261 - LANGSA;SHIFA;REFERRAL;0;0;;;;;;;;;;;;;;;;2896400;;
241 - BANDA ACEH;262 - KCP LHOKSEUMAWE;ASHA;REFERRAL;0;0;36000000;36000000;118000000;105000000;135000000;116000000;116000000;142000000;95000000;129000000;102000000;125000000;73000000;141000000;122000000;77000000;161000000;76000000
241 - BANDA ACEH;262 - KCP LHOKSEUMAWE;SAHAJA;DISTRIBUSI;0;0;;;;;30000000;;;12000000;12000000;27600000;15600000;15600000;;31200000;15600000;15600000;18840000;
351 - LAMPUNG;351 - LAMPUNG;ASHA;REFERRAL;0;0;;20000000;20000000;67000000;52000000;20000000;;50000000;40.000.000;;;;16000000;16000000;16000000;20000000;20000000;
351 - LAMPUNG;351 - LAMPUNG;Hijrah Cendekia;DISTRIBUSI;0;0;;;3600000;;;;15600000;7200000;;0;;;;;;18000000;;
351 - LAMPUNG;351 - LAMPUNG;SAHAJA;DISTRIBUSI;0;0;20000000;;;;;;;;7500000;;;;;;;15000000;;
351 - LAMPUNG;351 - LAMPUNG;SHIFA;REFERRAL;0;0;;;;;;;;;;;;;;;;1658800;;
351 - LAMPUNG;352 - KCP BANDAR JAYA;ASHA;REFERRAL;0;0;12000000;48000000;36000000;36000000;75000000;48000000;16000000;32000000;32.000.000;16.000.000;16000000;16000000;16000000;;;8000000;;16000000
351 - LAMPUNG;352 - KCP BANDAR JAYA;Hijrah Cendekia;DISTRIBUSI;0;0;3600000;;;;;;;;;;;;;;;;;
351 - LAMPUNG;352 - KCP BANDAR JAYA;SAHAJA;DISTRIBUSI;0;0;;;;;;;;;12000000;15000000;;;;;;;12000000;
351 - LAMPUNG;353 - KCP METRO LAMPUNG;ASHA;REFERRAL;0;0;;;16000000;16000000;;24000000;16000000;32000000;16000000;36000000;16000000;;;16000000;16000000;16000000;68000000;
351 - LAMPUNG;353 - KCP METRO LAMPUNG;SAHAJA;DISTRIBUSI;0;0;;;;;;;;;12000000;15.000.000;;;;;;28500000;;
351 - LAMPUNG;355 - KCP ZA PAGAR ALAM LAMPUNG;ASHA;REFERRAL;0;0;;20000000;;16000000;;;;20000000;30.000.000;;20000000;;;;;;20000000;
351 - LAMPUNG;355 - KCP ZA PAGAR ALAM LAMPUNG;ASHAR;REFERRAL;0;0;;;;;;;;;;;;;;51366000;;;;
351 - LAMPUNG;355 - KCP ZA PAGAR ALAM LAMPUNG;SAHAJA;DISTRIBUSI;0;0;;;;;;;7500000;;;7500000;;;;;;;;
351 - LAMPUNG;355 - KCP ZA PAGAR ALAM LAMPUNG;SHIFA;REFERRAL;0;0;;;;;;;;;;;;;;;;;1546480;
351 - LAMPUNG;356 - KCP KOTABUMI LAMPUNG;ASHA;REFERRAL;0;0;66000000;32000000;40000000;65000000;60000000;84000000;16.000.000;50.000.000;32000000;;;;;40.000.000;20.000.000;45.000.000;166000000;72000000
351 - LAMPUNG;356 - KCP KOTABUMI LAMPUNG;SAHAJA;DISTRIBUSI;0;0;;;;;;;;;12000000;12000000;;60000000;;;;15000000;;
361 - PALEMBANG;361 - PALEMBANG;ASHA;REFERRAL;0;0;50000000;;;12000000;;15000000;12592800;86000000;100000000;120000000;25000000;40000000;16000000;132500000;;50.000.000;189000000;47999996
361 - PALEMBANG;361 - PALEMBANG;Hijrah Cendekia;DISTRIBUSI;0;0;;;3600000;;;;;;;;;;;;;;;
361 - PALEMBANG;361 - PALEMBANG;SAHAJA;DISTRIBUSI;0;0;171000000;50000000;45000000;45000000;25000000;;;7.500.000;;105.000.000;;;;;7.500.000;7.500.000;;
361 - PALEMBANG;361 - PALEMBANG;SHIFA;REFERRAL;0;0;;;;;;;;;;;;;;6801600;;;;
361 - PALEMBANG;366 - KCP PLAJU;ASHA;REFERRAL;0;0;;;;;;15000000;;41000000;100000000;16000000;;;16000000;;32000000;16000000;16000000;
361 - PALEMBANG;366 - KCP PLAJU;ASHAR;REFERRAL;0;0;;;;;;;;;;46670400;;;;;;;;
361 - PALEMBANG;366 - KCP PLAJU;SAHAJA;DISTRIBUSI;0;0;20000000;;;;;;;;11.256.000;24000000;;;;15.000.000;37500000;;18750000;
361 - PALEMBANG;366 - KCP PLAJU;SHIFA;REFERRAL;0;0;;;;;;;;;;;;;;1658800;;;;
361 - PALEMBANG;366 - KCP PLAJU;SHSS;REFERRAL;0;0;;;;;;;;;;12592800;12592800;;;;;;;
361 - PALEMBANG;398 - KCP BATURAJA;ASHA;REFERRAL;0;0;20000000;;20000000;;20000000;46000000;56000000;80000000;45.000.000;70000000;92000000;20000000;52000000;32000000;50000000;20.000.000;60000000;20000000
361 - PALEMBANG;398 - KCP BATURAJA;SAHAJA;DISTRIBUSI;0;0;20000000;45000000;20000000;25000000;51000000;;;;;;;;;;;;;
361 - PALEMBANG;398 - KCP BATURAJA;SHIFA;REFERRAL;0;0;;;;;;;;;;;;;;;;;1560000;
361 - PALEMBANG;401 - KCP ENIM;SAHAJA;DISTRIBUSI;0;0;;;;;;;;18000000;;36000000;;;;;;;;
371 - PANGKAL PINANG;371 - PANGKAL PINANG;ASHA;REFERRAL;0;0;20000000;25000000;;16000000;20000000;16000000;16000000;51000000;25.000.000;;;40000000;60000000;20000000;57000000;65000000;66000000;
371 - PANGKAL PINANG;371 - PANGKAL PINANG;ASHAR;REFERRAL;0;0;;;;;;;;;51.884.700;;;100956000;;;;;;
371 - PANGKAL PINANG;371 - PANGKAL PINANG;Hijrah Cendekia;DISTRIBUSI;0;0;;;;;;;5000000;;;;;;;;;;;
371 - PANGKAL PINANG;371 - PANGKAL PINANG;SAHAJA;DISTRIBUSI;0;0;;;;;;;;;20000000;;;;;;;;;
371 - PANGKAL PINANG;372 - KCP TANJUNG PANDAN;ASHA;REFERRAL;0;0;51000000;12000000;15000000;12000000;67000000;12000000;16000000;;16.000.000;48.000.000;20000000;16000000;;;;;;
371 - PANGKAL PINANG;372 - KCP TANJUNG PANDAN;ASHAR;REFERRAL;0;0;;;;;;;;51.599.500;;;52.396.200;;;;;;;
371 - PANGKAL PINANG;372 - KCP TANJUNG PANDAN;SAHAJA;DISTRIBUSI;0;0;;;;;;;;15000000;;7500000;;;;;;;;
371 - PANGKAL PINANG;373 - KCP SUNGAILIAT;ASHA;REFERRAL;0;0;25500000;;;;;41000000;30000000;51000000;30000000;18000000;36000000;16000000;20000000;;20000000;90000000;20000000;16000000
371 - PANGKAL PINANG;495 - KCP KOBA;ASHA;REFERRAL;0;0;100000000;32000000;36000000;90000000;52000000;;;61000000;20000000;25.000.000;20000000;32000000;40000000;33000000;16000000;25000000;25000000;
371 - PANGKAL PINANG;495 - KCP KOBA;SAHAJA;DISTRIBUSI;0;0;;;;;;;;45.000.000;15.000.000;15000000;15000000;;;;;;;
421 - PADANG;421 - PADANG;ASHA;REFERRAL;0;0;;25000000;;;;12000000;16000000;45000000;;16000000;;;;;;;;
421 - PADANG;421 - PADANG;Hijrah Cendekia;DISTRIBUSI;0;0;;;;;;;;6000000;;;;;;3600000;;;;
421 - PADANG;421 - PADANG;SAHAJA;DISTRIBUSI;0;0;;;;;;;;;7.500.000;60.000.000;;;7500000;;7500000;7.500.000;;
421 - PADANG;421 - PADANG;SHIFA;REFERRAL;0;0;;;;;;;;;;;;;;;;;1240000;
421 - PADANG;422 - KCP BUKITTINGGI;ASHA;REFERRAL;0;0;12000000;16000000;25000000;;12000000;;;;;;;;;;;;;
421 - PADANG;422 - KCP BUKITTINGGI;SAHAJA;DISTRIBUSI;0;0;;;;;;;;8400000;60000000;15000000;;;;;;;;
421 - PADANG;423 - KCP PAYAKUMBUH;ASHA;REFERRAL;0;0;;;;12000000;;;;;32000000;;;;;;;;;
421 - PADANG;423 - KCP PAYAKUMBUH;SAHAJA;DISTRIBUSI;0;0;;;;;;;;;7.500.000;;;;;;;;;
421 - PADANG;424 - KCP SOLOK;ASHA;REFERRAL;0;0;;;;12000000;;;;16000000;;;;;;;;;;
421 - PADANG;424 - KCP SOLOK;Hijrah Cendekia;DISTRIBUSI;0;0;5000000;;;;;;;;;;;;;;;;;
421 - PADANG;424 - KCP SOLOK;SAHAJA;DISTRIBUSI;0;0;;;;;;;;;41400000;82.800.000;;;;;;;;
431 - BENGKULU;431 - BENGKULU;ASHA;REFERRAL;0;0;12000000;;40000000;;;121000000;;50.500.000;70.500.000;56000000;16000000;121.000.000;50.000.000;100.000.000;;;;40000000
431 - BENGKULU;431 - BENGKULU;ASHAR;REFERRAL;0;0;;;;;;;50540400;;;51602600;;;;;;63136500;;
431 - BENGKULU;431 - BENGKULU;Hijrah Cendekia;DISTRIBUSI;0;0;;3600000;;;3600000;3600000;3600000;0;;;;3600000;;7200000;;7200000;;
431 - BENGKULU;431 - BENGKULU;SAHAJA;DISTRIBUSI;0;0;;;;;;;;;7500000;30.000.000;;;;;;18000000;19200000;
431 - BENGKULU;432 - KCP CURUP;ASHA;REFERRAL;0;0;32000000;;42000000;30000000;16000000;55000000;16.000.000;16.000.000;36.000.000;36.000.000;20.000.000;16.000.000;32000000;16000000;;16000000;48000000;
431 - BENGKULU;432 - KCP CURUP;SAHAJA;DISTRIBUSI;0;0;;;;;;;;;7500000;15000000;;;;;;;7500000;
431 - BENGKULU;441 - JAMBI;ASHA;REFERRAL;0;0;;;;;12000000;;;;;;;;;;;;;
431 - BENGKULU;441 - JAMBI;SAHAJA;DISTRIBUSI;0;0;;;;;;;;7.500.000;246420000;114.600.000;;;;10687500;;;11250000;
431 - BENGKULU;442 - KCP MUARA BUNGO;ASHA;REFERRAL;0;0;16000000;;;;28000000;;32.000.000;16.000.000;48.000.000;57.000.000;48.000.000;25.000.000;16.000.000;48000000;32.000.000;16.000.000;32000000;
431 - BENGKULU;442 - KCP MUARA BUNGO;SAHAJA;DISTRIBUSI;0;0;;;;;;;;15000000;;24000000;;;;;;;;
431 - BENGKULU;473 - KCP MANNA BENGKULU;ASHA;REFERRAL;0;0;32000000;27000000;;12000000;15000000;;32000000;20000000;;;;;;;;;;
431 - BENGKULU;473 - KCP MANNA BENGKULU;SAHAJA;DISTRIBUSI;0;0;;;;;;;;;30060000;;;;;;;;;
431 - BENGKULU;474 - KCP ARGA MAKMUR;ASHA;REFERRAL;0;0;;24000000;;;;;;;;;;;;;;;;
431 - BENGKULU;474 - KCP ARGA MAKMUR;SAHAJA;DISTRIBUSI;0;0;;;;;;;;7500000;48000000;19500000;;;;;;7500000;30000000;
482 - MEDAN BARU;214 - KCP BINJAI;ASHA;REFERRAL;0;0;12000000;;24000000;16000000;;12000000;;32000000;;;16000000;;;16000000;;;20000000;
482 - MEDAN BARU;214 - KCP BINJAI;SAHAJA;DISTRIBUSI;0;0;;;;20000000;45000000;;;;;15000000;;;;;;;8400000;
482 - MEDAN BARU;251 - PEMATANG SIANTAR;SAHAJA;DISTRIBUSI;0;0;;;;;;;;;75000000;36000000;;;;;;;;
482 - MEDAN BARU;252 - KCP KISARAN;ASHA;REFERRAL;0;0;;;12000000;12000000;14000000;;;;16000000;;;;16000000;25000000;;50000000;16000000;16000000
482 - MEDAN BARU;252 - KCP KISARAN;SAHAJA;DISTRIBUSI;0;0;;;;;;;;7500000;12000000;27000000;;12000000;;;;12000000;;
482 - MEDAN BARU;252 - KCP KISARAN;SHIFA;REFERRAL;0;0;;;;;;;;;;;;;;;;;1560000;
482 - MEDAN BARU;467 - KCP STABAT;ASHA;REFERRAL;0;0;;;24000000;;35000000;;;;;16000000;;;;25000000;;;;
482 - MEDAN BARU;467 - KCP STABAT;SAHAJA;DISTRIBUSI;0;0;;;;;;;;21000000;;15000000;;;;;;;;11280000
482 - MEDAN BARU;482 - MEDAN BARU;ASHA;REFERRAL;0;0;15000000;;;;;20000000;;16000000;;;;;;40000000;;;130000000;85000000
482 - MEDAN BARU;482 - MEDAN BARU;Hijrah Cendekia;DISTRIBUSI;0;0;;;;3600000;;3600000;;;;;;;;;;;;
482 - MEDAN BARU;482 - MEDAN BARU;SAHAJA;DISTRIBUSI;0;0;;20000000;;;;;;;52500000;36.000.000;;;;;;;;
482 - MEDAN BARU;482 - MEDAN BARU;SHIFA;REFERRAL;0;0;;;;;;;;;;;;;;1531920;;;;
